problem,solver,rtol,steps,rejected,rhs,nfev,njev,error,scd
robertson,BDF,0.0001,85,,297,243,13,8.702e-05,3.00
robertson,BDF,1e-06,176,,589,548,10,2.569e-06,4.53
robertson,BDF,1e-08,346,,1129,1080,12,3.915e-08,6.35
robertson,Radau,0.0001,37,,473,393,26,1.297e-06,4.84
robertson,Radau,1e-06,84,,846,734,37,6.397e-09,7.15
robertson,Radau,1e-08,243,,2031,1883,49,1.370e-10,8.82
robertson,LSODA,0.0001,114,,238,238,23,1.300e-04,2.82
robertson,LSODA,1e-06,245,,498,498,45,8.380e-07,5.01
robertson,LSODA,1e-08,467,,902,902,73,3.148e-09,7.44
hires,BDF,0.0001,80,,387,242,16,1.262e-03,0.69
hires,BDF,1e-06,164,,649,450,22,1.043e-05,2.77
hires,BDF,1e-08,308,,1087,824,29,1.040e-07,4.78
hires,Radau,0.0001,31,,536,399,17,8.368e-06,2.87
hires,Radau,1e-06,81,,1028,803,28,6.483e-08,4.77
hires,Radau,1e-08,240,,2509,2027,60,2.451e-10,7.06
hires,LSODA,0.0001,110,,374,374,22,2.944e-04,1.32
hires,LSODA,1e-06,267,,701,701,30,5.330e-06,3.07
hires,LSODA,1e-08,495,,1225,1225,46,9.313e-08,4.82
van_der_pol,BDF,0.0001,428,,1535,1394,47,2.297e-03,2.14
van_der_pol,BDF,1e-06,847,,2791,2620,57,4.156e-05,3.87
van_der_pol,BDF,1e-08,1846,,5706,5472,78,7.093e-07,5.64
van_der_pol,Radau,0.0001,218,,2210,2084,63,1.484e-05,4.32
van_der_pol,Radau,1e-06,616,,5411,5167,122,1.356e-07,6.30
van_der_pol,Radau,1e-08,1853,,15003,14443,280,6.805e-10,8.49
van_der_pol,LSODA,0.0001,502,,1149,1149,80,2.327e-03,2.12
van_der_pol,LSODA,1e-06,880,,1726,1726,95,5.038e-05,3.79
van_der_pol,LSODA,1e-08,1596,,2948,2948,151,8.424e-07,5.56
brusselator_80,BDF,0.0001,94,,688,283,5,1.695e-04,3.58
brusselator_80,BDF,1e-06,197,,700,538,2,4.359e-06,5.26
brusselator_80,Radau,0.0001,42,,1639,359,16,3.670e-06,5.33
brusselator_80,Radau,1e-06,123,,2698,938,22,1.277e-08,7.79
brusselator_80,LSODA,0.0001,148,,1368,1368,14,6.479e-05,3.71
brusselator_80,LSODA,1e-06,324,,1618,1618,13,1.826e-06,5.63
